{"cameraMode":{"drawMode":0,"name":"Shaded","section":"Shading Mode"},"sceneLighting":true,"audioPlay":false,"sceneViewState":{"showFog":true,"showMaterialUpdate":false,"showSkybox":true,"showFlares":true,"showImageEffects":true,"showParticleSystems":true},"in2DMode":false,"pivot":{"x":51.09666442871094,"y":-15.905719757080079,"z":-41.04104995727539},"rotation":{"x":-0.047972213476896289,"y":-0.9202756881713867,"z":0.11936699599027634,"w":-0.3695808947086334},"size":74.2656021118164,"orthographic":false}