{"cameraMode":{"drawMode":0,"name":"Shaded","section":"Shading Mode"},"sceneLighting":true,"audioPlay":false,"sceneViewState":{"showFog":true,"showMaterialUpdate":false,"showSkybox":true,"showFlares":true,"showImageEffects":true,"showParticleSystems":true},"in2DMode":false,"pivot":{"x":-7.827378273010254,"y":-25.76724624633789,"z":75.48068237304688},"rotation":{"x":-0.20225225389003755,"y":0.022043325006961824,"z":-0.004479545634239912,"w":-0.9791254997253418},"size":76.87628173828125,"orthographic":false}