{"cameraMode":{"drawMode":0,"name":"Shaded","section":"Shading Mode"},"sceneLighting":true,"audioPlay":false,"sceneViewState":{"showFog":true,"showMaterialUpdate":false,"showSkybox":true,"showFlares":true,"showImageEffects":true,"showParticleSystems":true},"in2DMode":false,"pivot":{"x":0.39900779724121096,"y":-2.9138004779815676,"z":-11.280499458312989},"rotation":{"x":0.02113696187734604,"y":-0.9788975119590759,"z":0.15063710510730744,"w":0.13683171570301057},"size":16.767215728759767,"orthographic":false}