{"cameraMode":{"drawMode":0,"name":"Shaded","section":"Shading Mode"},"sceneLighting":true,"audioPlay":false,"sceneViewState":{"showFog":true,"showMaterialUpdate":false,"showSkybox":true,"showFlares":true,"showImageEffects":true,"showParticleSystems":true},"in2DMode":false,"pivot":{"x":92.78748321533203,"y":613.1009521484375,"z":64.48807525634766},"rotation":{"x":-0.2329227775335312,"y":-0.764445960521698,"z":0.38725435733795168,"w":-0.4597966969013214},"size":24.617534637451173,"orthographic":false}