{"cameraMode":{"drawMode":0,"name":"Shaded","section":"Shading Mode"},"sceneLighting":true,"audioPlay":false,"sceneViewState":{"showFog":true,"showMaterialUpdate":false,"showSkybox":true,"showFlares":true,"showImageEffects":true,"showParticleSystems":true},"in2DMode":false,"pivot":{"x":16.65999984741211,"y":2.5440001487731935,"z":-19.709999084472658},"rotation":{"x":0.1998511254787445,"y":0.3558157980442047,"z":-0.07832543551921845,"w":0.909695029258728},"size":22.0,"orthographic":false}