{"cameraMode":{"drawMode":0,"name":"Shaded","section":"Shading Mode"},"sceneLighting":true,"audioPlay":false,"sceneViewState":{"showFog":true,"showMaterialUpdate":false,"showSkybox":true,"showFlares":true,"showImageEffects":true,"showParticleSystems":true},"in2DMode":false,"pivot":{"x":-6.694943428039551,"y":3.115355968475342,"z":7.411068916320801},"rotation":{"x":-0.04089479148387909,"y":-0.9403102993965149,"z":0.12197313457727432,"w":-0.3151465952396393},"size":6.447218894958496,"orthographic":false}