{"cameraMode":{"drawMode":0,"name":"Shaded","section":"Shading Mode"},"sceneLighting":true,"audioPlay":false,"sceneViewState":{"showFog":true,"showMaterialUpdate":false,"showSkybox":true,"showFlares":true,"showImageEffects":true,"showParticleSystems":true},"in2DMode":false,"pivot":{"x":-14.658063888549805,"y":38.9608039855957,"z":100.81382751464844},"rotation":{"x":0.021730860695242883,"y":0.9617905616760254,"z":-0.08010753989219666,"w":0.2609056830406189},"size":0.7630438208580017,"orthographic":false}