{"cameraMode":{"drawMode":0,"name":"Shaded","section":"Shading Mode"},"sceneLighting":true,"audioPlay":false,"sceneViewState":{"showFog":true,"showMaterialUpdate":false,"showSkybox":true,"showFlares":true,"showImageEffects":true,"showParticleSystems":true},"in2DMode":false,"pivot":{"x":2722.049560546875,"y":-423.05084228515627,"z":-726.4644775390625},"rotation":{"x":-0.047279130667448047,"y":-0.7941349744796753,"z":0.062292225658893588,"w":-0.6027233600616455},"size":4022.62744140625,"orthographic":false}