{"cameraMode":{"drawMode":0,"name":"Shaded","section":"Shading Mode"},"sceneLighting":true,"audioPlay":false,"sceneViewState":{"showFog":true,"showMaterialUpdate":false,"showSkybox":true,"showFlares":true,"showImageEffects":true,"showParticleSystems":true},"in2DMode":false,"pivot":{"x":-3.871826171875,"y":-2.6836395263671877,"z":21.493988037109376},"rotation":{"x":0.112640880048275,"y":-0.7715717554092407,"z":0.14255331456661225,"w":0.6096633672714233},"size":478.3067626953125,"orthographic":false}