{"cameraMode":{"drawMode":0,"name":"Shaded","section":"Shading Mode"},"sceneLighting":true,"audioPlay":false,"sceneViewState":{"showFog":true,"showMaterialUpdate":false,"showSkybox":true,"showFlares":true,"showImageEffects":true,"showParticleSystems":true},"in2DMode":false,"pivot":{"x":-1.7450109720230103,"y":3.804335594177246,"z":-1.7501533031463624},"rotation":{"x":-0.037348147481679919,"y":0.8114674687385559,"z":-0.05216381326317787,"w":-0.5809105634689331},"size":18.00048065185547,"orthographic":false}