{"cameraMode":{"drawMode":0,"name":"Shaded","section":"Shading Mode"},"sceneLighting":true,"audioPlay":false,"sceneViewState":{"showFog":true,"showMaterialUpdate":false,"showSkybox":true,"showFlares":true,"showImageEffects":true,"showParticleSystems":true},"in2DMode":false,"pivot":{"x":-10.246549606323243,"y":6.7134199142456059,"z":14.413877487182618},"rotation":{"x":0.07380828261375427,"y":0.48987290263175967,"z":0.04174435883760452,"w":-0.8677647113800049},"size":22.0,"orthographic":false}