{"cameraMode":{"drawMode":0,"name":"Shaded","section":"Shading Mode"},"sceneLighting":true,"audioPlay":false,"sceneViewState":{"showFog":true,"showMaterialUpdate":false,"showSkybox":true,"showFlares":true,"showImageEffects":true,"showParticleSystems":true},"in2DMode":false,"pivot":{"x":3.650218963623047,"y":1.2075843811035157,"z":-5.687009811401367},"rotation":{"x":-0.2843506336212158,"y":-0.20223993062973023,"z":0.06158149242401123,"w":-0.9351704120635986},"size":36.970733642578128,"orthographic":false}
