{"cameraMode":{"drawMode":0,"name":"Shaded","section":"Shading Mode"},"sceneLighting":true,"audioPlay":false,"sceneViewState":{"showFog":true,"showMaterialUpdate":false,"showSkybox":true,"showFlares":true,"showImageEffects":true,"showParticleSystems":true},"in2DMode":false,"pivot":{"x":822.222412109375,"y":-272.6994934082031,"z":22.999038696289064},"rotation":{"x":-0.10569802671670914,"y":-0.7107594013214111,"z":0.1093878522515297,"w":-0.6868455410003662},"size":1182.8331298828125,"orthographic":false}